,料理名,URL,調理時間,画像
0,節約デザート簡単わらびもち風,/recipes/03dee39a-a2c8-4457-96b6-f6294223fcd0,調理時間：20分,https://video.kurashiru.com/production/videos/03dee39a-a2c8-4457-96b6-f6294223fcd0/compressed_thumbnail_square_large.jpg?1652158992
1,ホットケーキミックスでクッキー,/recipes/492a3c14-6896-4c7a-9d94-5ba69b6d9712,調理時間：30分,https://video.kurashiru.com/production/videos/492a3c14-6896-4c7a-9d94-5ba69b6d9712/compressed_thumbnail_square_large.jpg?1639367889
2,材料3つでふわさく！ココアのメレンゲ,/recipes/2e06c685-9620-44b2-82b8-47e4f882c3d7,調理時間：70分,https://video.kurashiru.com/production/videos/2e06c685-9620-44b2-82b8-47e4f882c3d7/compressed_thumbnail_square_large.jpg?1639367889
3,マスカルポーネ不使用！マシュマロ＆クリ...,/recipes/bd8920f6-3cf3-4532-90b0-bb5281ccead1,調理時間：80分,https://video.kurashiru.com/production/videos/bd8920f6-3cf3-4532-90b0-bb5281ccead1/compressed_thumbnail_square_large.jpg?1644481359
4,炊飯器deふわふわチーズケーキ！初心者...,/recipes/b1230684-69d7-47d1-9dfe-bdadffbc13a5,調理時間：60分,https://video.kurashiru.com/production/videos/b1230684-69d7-47d1-9dfe-bdadffbc13a5/compressed_thumbnail_square_large.jpg?1639367889
5,ホットケーキミックスで作る簡単ショー...,/recipes/88cabe30-7b7b-4561-b40b-7608c9003fbc,調理時間：30分,https://video.kurashiru.com/production/videos/88cabe30-7b7b-4561-b40b-7608c9003fbc/compressed_thumbnail_square_large.jpg?1639367889
6,簡単！レンジでブラウニー,/recipes/175abd39-4e2f-4369-81b1-ea2a66734c2b,調理時間：20分,https://video.kurashiru.com/production/videos/175abd39-4e2f-4369-81b1-ea2a66734c2b/compressed_thumbnail_square_large.jpg?1640089161
7,くるくる渦巻きさつまいもペーストのパイ,/recipes/23f54072-e8d8-4c7e-a079-ededc1ca3fd9,調理時間：30分,https://video.kurashiru.com/production/videos/23f54072-e8d8-4c7e-a079-ededc1ca3fd9/compressed_thumbnail_square_large.jpg?1639367889
8,簡単！美味しい！一口パルミエ,/recipes/b6ab3fcb-c9e8-4e95-974e-8a614ec6b527,調理時間：40分,https://video.kurashiru.com/production/videos/b6ab3fcb-c9e8-4e95-974e-8a614ec6b527/compressed_thumbnail_square_large.jpg?1639367889
9,ピザチーズで作るお手軽チーズケーキ,/recipes/f22ce38d-3e22-4357-b994-21fd461b2e15,調理時間：90分,https://video.kurashiru.com/production/videos/f22ce38d-3e22-4357-b994-21fd461b2e15/compressed_thumbnail_square_large.jpg?1639367889
10,簡単！紅茶のパウンドケーキ,/recipes/8198df0a-2a4b-4133-bc8e-272444dcb109,調理時間：30分,https://video.kurashiru.com/production/videos/8198df0a-2a4b-4133-bc8e-272444dcb109/compressed_thumbnail_square_large.jpg?1639367889
11,卵白で！いちごたっぷりマフィン,/recipes/e414d80f-c188-42a9-9796-5ec2fb1cc5a1,調理時間：40分,https://video.kurashiru.com/production/videos/e414d80f-c188-42a9-9796-5ec2fb1cc5a1/compressed_thumbnail_square_large.jpg?1639367889
12,誕生日ケーキにも　チョコバナナムースケーキ,/recipes/0323accb-d0b9-4a32-ba48-da49d0b89a96,調理時間：250分,https://video.kurashiru.com/production/videos/0323accb-d0b9-4a32-ba48-da49d0b89a96/compressed_thumbnail_square_large.jpg?1623125258
13,簡単に作れる基本のベイクドチーズケーキ,/recipes/18b8cf9c-f0c0-47e0-9c53-61e4b8ec2f66,調理時間：60分,https://video.kurashiru.com/production/videos/18b8cf9c-f0c0-47e0-9c53-61e4b8ec2f66/compressed_thumbnail_square_large.jpg?1672902469
14,大人なチョコレートマフィン,/recipes/b4326be5-7bca-4196-b70e-5700d38219df,調理時間：40分,https://video.kurashiru.com/production/videos/b4326be5-7bca-4196-b70e-5700d38219df/compressed_thumbnail_square_large.jpg?1639367889
15,混ぜるだけで簡単チョコチップカップケーキ,/recipes/6c1389b5-6ba8-4563-9f4f-36e95b5b87e5,調理時間：40分,https://video.kurashiru.com/production/videos/6c1389b5-6ba8-4563-9f4f-36e95b5b87e5/compressed_thumbnail_square_large.jpg?1639367889
16,材料3つで簡単チョコレートトリュフ,/recipes/3fde7a24-6738-4930-9d4a-cf9f29f0d18a,調理時間：60分,https://video.kurashiru.com/production/videos/3fde7a24-6738-4930-9d4a-cf9f29f0d18a/compressed_thumbnail_square_large.jpg?1643074317
17,簡単焼きチョコクッキー,/recipes/89f3e11e-322f-470a-b1e3-cf7f6f1701fe,調理時間：60分,https://video.kurashiru.com/production/videos/89f3e11e-322f-470a-b1e3-cf7f6f1701fe/compressed_thumbnail_square_large.jpg?1639367889
18,材料3つ！簡単バナナケーキ,/recipes/7f581a37-f37c-44af-b29f-6399c5799591,調理時間：40分,https://video.kurashiru.com/production/videos/7f581a37-f37c-44af-b29f-6399c5799591/compressed_thumbnail_square_large.jpg?1665628080
19,炭酸水を使ってみかんソーダゼリー,/recipes/a4cb190b-2c0b-46d2-b5a9-d0178b6a6e93,調理時間：200分,https://video.kurashiru.com/production/videos/a4cb190b-2c0b-46d2-b5a9-d0178b6a6e93/compressed_thumbnail_square_large.jpg?1639367889
20,材料3つしっとりベイクドチーズケーキ,/recipes/ea314195-9172-4a8a-b3d2-ef8d1a36dfd3,調理時間：60分,https://video.kurashiru.com/production/videos/ea314195-9172-4a8a-b3d2-ef8d1a36dfd3/compressed_thumbnail_square_large.jpg?1672902469
21,HMとポリ袋で！簡単タルトで作るいちごタルト,/recipes/c64a1552-4ea8-4f99-8256-ab240fac7911,調理時間：60分,https://video.kurashiru.com/production/videos/c64a1552-4ea8-4f99-8256-ab240fac7911/compressed_thumbnail_square_large.jpg?1639367889
22,簡単りんごとヨーグルトのケーキ,/recipes/85ed8eff-b4a5-4ad6-97e0-36fc7a315297,調理時間：50分,https://video.kurashiru.com/production/videos/85ed8eff-b4a5-4ad6-97e0-36fc7a315297/compressed_thumbnail_square_large.jpg?1646794352
23,簡単しっとりかぼちゃのケーキ,/recipes/77e9ecea-f137-413f-8b5e-9208a669cddb,調理時間：60分,https://video.kurashiru.com/production/videos/77e9ecea-f137-413f-8b5e-9208a669cddb/compressed_thumbnail_square_large.jpg?1599124863
24,アールグレイのアイスボックスクッキー,/recipes/47c1291c-c829-45a1-b512-fd4c0c3da808,調理時間：100分,https://video.kurashiru.com/production/videos/47c1291c-c829-45a1-b512-fd4c0c3da808/compressed_thumbnail_square_large.jpg?1639367889
25,ホットケーキミックスで簡単バナナケーキ,/recipes/7bf74f10-a7ba-4b55-a574-a8498e7b2f95,調理時間：30分,https://video.kurashiru.com/production/videos/7bf74f10-a7ba-4b55-a574-a8498e7b2f95/compressed_thumbnail_square_large.jpg?1639367889
26,定番市松模様のアイスボックスクッキー,/recipes/1e6a789d-8a2c-4c75-8905-03af3aab9771,調理時間：120分,https://video.kurashiru.com/production/videos/1e6a789d-8a2c-4c75-8905-03af3aab9771/compressed_thumbnail_square_large.jpg?1642475541
27,くまさんオートミールクッキー,/recipes/0b825105-0e46-440a-8e1c-0b5235c99de7,調理時間：40分,https://video.kurashiru.com/production/videos/0b825105-0e46-440a-8e1c-0b5235c99de7/compressed_thumbnail_square_large.jpg?1639367889
28,片手でパクッとスイートポテトスティック,/recipes/8348cfff-9b0e-4307-a9be-9284bed38184,調理時間：60分,https://video.kurashiru.com/production/videos/8348cfff-9b0e-4307-a9be-9284bed38184/compressed_thumbnail_square_large.jpg?1666595810
29,一口サイズ！スクエア型のチョコチップスコーン,/recipes/bedbe866-0d80-4373-b0dd-ae1a0fc81873,調理時間：40分,https://video.kurashiru.com/production/videos/bedbe866-0d80-4373-b0dd-ae1a0fc81873/compressed_thumbnail_square_large.jpg?1675220786
30,バナナヨーグルトパウンドケーキ,/recipes/593e668a-3e6e-4da8-8d89-b3eac7e3fa34,調理時間：40分,https://video.kurashiru.com/production/videos/593e668a-3e6e-4da8-8d89-b3eac7e3fa34/compressed_thumbnail_square_large.jpg?1667955395
31,材料4つで簡単抹茶パウンドケーキ,/recipes/747206fb-20c0-4f65-895a-74de90651af9,調理時間：50分,https://video.kurashiru.com/production/videos/747206fb-20c0-4f65-895a-74de90651af9/compressed_thumbnail_square_large.jpg?1654067482
32,かぼちゃのチーズケーキ,/recipes/1711b5ef-2dc5-46ef-8c06-4a9e71180635,調理時間：80分,https://video.kurashiru.com/production/videos/1711b5ef-2dc5-46ef-8c06-4a9e71180635/compressed_thumbnail_square_large.jpg?1664248864
33,コーヒークッキー,/recipes/b9229fb1-9382-4315-84d1-a2ef9bc5d857,調理時間：60分,https://video.kurashiru.com/production/videos/b9229fb1-9382-4315-84d1-a2ef9bc5d857/compressed_thumbnail_square_large.jpg?1639367889
34,混ぜるだけで簡単ガトーショコラ,/recipes/c1bab99a-7a87-4def-91e8-f4c8b7d1692c,調理時間：70分,https://video.kurashiru.com/production/videos/c1bab99a-7a87-4def-91e8-f4c8b7d1692c/compressed_thumbnail_square_large.jpg?1639367889
35,材料4つ！簡単チョコスフレ風,/recipes/ed5e21d6-6033-467e-843c-b45115c681e6,調理時間：30分,https://video.kurashiru.com/production/videos/ed5e21d6-6033-467e-843c-b45115c681e6/compressed_thumbnail_square_large.jpg?1639367889
36,絶品！大人な生チョコケーキ,/recipes/1ac83a96-27de-4832-af88-f14ea1cade40,調理時間：150分,https://video.kurashiru.com/production/videos/1ac83a96-27de-4832-af88-f14ea1cade40/compressed_thumbnail_square_large.jpg?1639367889
37,シンプルプレーンパウンドケーキ,/recipes/0174eb7c-b3ab-476d-98ff-f5d64a66e351,調理時間：60分,https://video.kurashiru.com/production/videos/0174eb7c-b3ab-476d-98ff-f5d64a66e351/compressed_thumbnail_square_large.jpg?1623124932
38,ふわっと濃厚チョコババロア,/recipes/68b49bc6-1cd5-44f6-a934-866ee50eb334,調理時間：80分,https://video.kurashiru.com/production/videos/68b49bc6-1cd5-44f6-a934-866ee50eb334/compressed_thumbnail_square_large.jpg?1639367889
39,ホットケーキミックスで！さくさくメロンパン,/recipes/3365e1c3-f4e5-4de4-8b04-f1ad19e44f51,調理時間：30分,https://video.kurashiru.com/production/videos/3365e1c3-f4e5-4de4-8b04-f1ad19e44f51/compressed_thumbnail_square_large.jpg?1639367889
40,混ぜるだけ！ベイクドチーズケーキ,/recipes/5d386fe6-0b22-4915-9596-528ddef0d658,調理時間：50分,https://video.kurashiru.com/production/videos/5d386fe6-0b22-4915-9596-528ddef0d658/compressed_thumbnail_square_large.jpg?1639367889
41,シンプルな！基本のシフォンケーキ,/recipes/03a2622e-e260-4956-9067-c75b1e024616,調理時間：50分,https://video.kurashiru.com/production/videos/03a2622e-e260-4956-9067-c75b1e024616/compressed_thumbnail_square_large.jpg?1639367889
42,プレゼントにも！チョコチップカップケーキ,/recipes/a9204dfb-9965-45db-a71f-e8967df09192,調理時間：45分,https://video.kurashiru.com/production/videos/a9204dfb-9965-45db-a71f-e8967df09192/compressed_thumbnail_square_large.jpg?1639367889
43,甘くて美味しい！さつまいももち,/recipes/7f31de77-7c73-4aaa-826c-ddd34853d260,調理時間：25分,https://video.kurashiru.com/production/videos/7f31de77-7c73-4aaa-826c-ddd34853d260/compressed_thumbnail_square_large.jpg?1663136461
44,餃子の皮でカリッスイートポテト,/recipes/978e99e7-91f8-415e-9b65-fbfcec3c8106,調理時間：30分,https://video.kurashiru.com/production/videos/978e99e7-91f8-415e-9b65-fbfcec3c8106/compressed_thumbnail_square_large.jpg?1663645733
45,甘くてしっとりチョコカップケーキ,/recipes/49418a87-4c1d-4410-80b5-c05444583fb6,調理時間：40分,https://video.kurashiru.com/production/videos/49418a87-4c1d-4410-80b5-c05444583fb6/compressed_thumbnail_square_large.jpg?1639367889
46,混ぜて焼くだけ　キャラメルチーズケーキ,/recipes/60c5f190-862f-4982-8213-7eb5607ff98a,調理時間：120分,https://video.kurashiru.com/production/videos/60c5f190-862f-4982-8213-7eb5607ff98a/compressed_thumbnail_square_large.jpg?1639367889
47,まるでカフェ！ざくざくココアクッキーマフィン,/recipes/aa365aea-fcfb-44fd-9873-89d54f16a5ca,調理時間：40分,https://video.kurashiru.com/production/videos/aa365aea-fcfb-44fd-9873-89d54f16a5ca/compressed_thumbnail_square_large.jpg?1653979110
48,材料３つ市販のパイシートでプチチョコク...,/recipes/d342ac42-7775-434c-af67-9497a396e587,調理時間：30分,https://video.kurashiru.com/production/videos/d342ac42-7775-434c-af67-9497a396e587/compressed_thumbnail_square_large.jpg?1639367889
49,HMと魚肉ソーセージでお手軽アメリカンドッグ,/recipes/123ff6dd-81f3-4247-a0db-aa6d008de924,調理時間：30分,https://video.kurashiru.com/production/videos/123ff6dd-81f3-4247-a0db-aa6d008de924/compressed_thumbnail_square_large.jpg?1639367889
50,基本のプレーンなパウンドケーキ,/recipes/3ea7d028-90aa-4027-bd63-a4b2267f31f2,調理時間：60分,https://video.kurashiru.com/production/videos/3ea7d028-90aa-4027-bd63-a4b2267f31f2/compressed_thumbnail_square_large.jpg?1639367889
51,断面が美しい！ガトーインビジブル,/recipes/be260b78-7b8d-4476-8122-c7ddcb912635,調理時間：70分,https://video.kurashiru.com/production/videos/be260b78-7b8d-4476-8122-c7ddcb912635/compressed_thumbnail_square_large.jpg?1639367889
52,ふんわりカップケーキ,/recipes/709340fb-c348-4018-a3d9-1d53b6d2ef6a,調理時間：30分,https://video.kurashiru.com/production/videos/709340fb-c348-4018-a3d9-1d53b6d2ef6a/compressed_thumbnail_square_large.jpg?1639367889
53,おうちカフェにピッタリ！マシュマロココ...,/recipes/a709b609-a257-456e-958c-321f91c4d02e,調理時間：120分,https://video.kurashiru.com/production/videos/a709b609-a257-456e-958c-321f91c4d02e/compressed_thumbnail_square_large.jpg?1639367889
54,板チョコを練りこんだダブルチョコレー...,/recipes/28833ce1-3b29-48a4-a7f6-7f31e7405b72,調理時間：90分,https://video.kurashiru.com/production/videos/28833ce1-3b29-48a4-a7f6-7f31e7405b72/compressed_thumbnail_square_large.jpg?1643074317
55,オーブン不要！焼かない抹茶チーズケーキ,/recipes/0a13def7-e493-455f-8806-c18ee8a9f55a,調理時間：150分,https://video.kurashiru.com/production/videos/0a13def7-e493-455f-8806-c18ee8a9f55a/compressed_thumbnail_square_large.jpg?1668560086
56,ホロホロザクザクココアクッキーで作る...,/recipes/9f196145-a2e6-44b6-bb8c-cad31c6fec4e,調理時間：40分,https://video.kurashiru.com/production/videos/9f196145-a2e6-44b6-bb8c-cad31c6fec4e/compressed_thumbnail_square_large.jpg?1639367889
57,くるくる可愛い　クレープ生地で簡単デザート,/recipes/30ff1861-dafa-4f01-b790-4b24108c4c1e,調理時間：30分,https://video.kurashiru.com/production/videos/30ff1861-dafa-4f01-b790-4b24108c4c1e/compressed_thumbnail_square_large.jpg?1639367889
58,2色のアイスボックスクッキー,/recipes/8fd462fa-c721-48b5-a544-8b22b208fbf1,調理時間：90分,https://video.kurashiru.com/production/videos/8fd462fa-c721-48b5-a544-8b22b208fbf1/compressed_thumbnail_square_large.jpg?1639367889
59,簡単！いちごのプチパイ,/recipes/efc557cd-a4ff-4149-ab37-07f5b91e8600,調理時間：40分,https://video.kurashiru.com/production/videos/efc557cd-a4ff-4149-ab37-07f5b91e8600/compressed_thumbnail_square_large.jpg?1639367889
60,ゼラチンの代わりにマシュマロで！簡単チ...,/recipes/f22f4e9f-a322-41f6-bc8c-6a5ec8412f2f,調理時間：200分,https://video.kurashiru.com/production/videos/f22f4e9f-a322-41f6-bc8c-6a5ec8412f2f/compressed_thumbnail_square_large.jpg?1639367889
61,簡単デザートたっぷりくるみのゆべし,/recipes/2b177951-a07e-492a-ab81-e5ce7c0c0f13,調理時間：15分,https://video.kurashiru.com/production/videos/2b177951-a07e-492a-ab81-e5ce7c0c0f13/compressed_thumbnail_square_large.jpg?1639367889
62,食後のデザートに！かぼちゃのアイス,/recipes/c487036e-2f6d-4fb9-8825-3c31647d74f0,調理時間：150分,https://video.kurashiru.com/production/videos/c487036e-2f6d-4fb9-8825-3c31647d74f0/compressed_thumbnail_square_large.jpg?1639367889
63,簡単メレンゲクッキー,/recipes/fc82b2b4-2c17-48fe-8ffa-22434f1e22af,調理時間：140分,https://video.kurashiru.com/production/videos/fc82b2b4-2c17-48fe-8ffa-22434f1e22af/compressed_thumbnail_square_large.jpg?1639367889
64,焼きりんごの簡単カスタードタルトパイ,/recipes/811b7252-6342-40e5-b8b2-4f09632d9a3c,調理時間：60分,https://video.kurashiru.com/production/videos/811b7252-6342-40e5-b8b2-4f09632d9a3c/compressed_thumbnail_square_large.jpg?1672110599
65,トースターで簡単HMで作るチョコチャ...,/recipes/0be2009a-f6a0-4729-a390-0ac81f3bdde2,調理時間：40分,https://video.kurashiru.com/production/videos/0be2009a-f6a0-4729-a390-0ac81f3bdde2/compressed_thumbnail_square_large.jpg?1665628080
66,簡単！ほろ苦コーヒーゼリー,/recipes/33a19628-616c-4d21-8c5a-83da51dbe40e,調理時間：140分,https://video.kurashiru.com/production/videos/33a19628-616c-4d21-8c5a-83da51dbe40e/compressed_thumbnail_square_large.jpg?1639367889
67,保存袋で簡単20分！おからと黒ごまのサ...,/recipes/6e5232fb-b981-40dd-a087-fabab05247c6,調理時間：20分,https://video.kurashiru.com/production/videos/6e5232fb-b981-40dd-a087-fabab05247c6/compressed_thumbnail_square_large.jpg?1639367889
68,くるくる簡単！卵焼き器でバームクーヘン風,/recipes/02b27160-ccfd-431e-9b47-4055e3fed41e,調理時間：30分,https://video.kurashiru.com/production/videos/02b27160-ccfd-431e-9b47-4055e3fed41e/compressed_thumbnail_square_large.jpg?1639367889
69,材料3つレンジで簡単とろとろマシュマ...,/recipes/f40426e2-b338-4681-b72c-3fd51d7e3dc8,調理時間：80分,https://video.kurashiru.com/production/videos/f40426e2-b338-4681-b72c-3fd51d7e3dc8/compressed_thumbnail_square_large.jpg?1639367889
70,とろ〜り濃厚ガトーショコラ,/recipes/86f3409c-36b2-4114-89f4-fef77502973e,調理時間：40分,https://video.kurashiru.com/production/videos/86f3409c-36b2-4114-89f4-fef77502973e/compressed_thumbnail_square_large.jpg?1639367889
71,材料5つで出来る！イチゴとヨーグルトのゼリー,/recipes/913e4b2d-6f0a-4167-a24a-13687345ccc1,調理時間：20分,https://video.kurashiru.com/production/videos/913e4b2d-6f0a-4167-a24a-13687345ccc1/compressed_thumbnail_square_large.jpg?1639367889
72,卵白消費に！ヨーグルトアイス,/recipes/d8dffb9b-365b-44d4-a3dc-5b0d57106241,調理時間：260分,https://video.kurashiru.com/production/videos/d8dffb9b-365b-44d4-a3dc-5b0d57106241/compressed_thumbnail_square_large.jpg?1639367889
73,ぷるぷる！キラキラ！水まんじゅう,/recipes/4d60000c-01a3-4fb5-ba49-44287f552f42,調理時間：120分,https://video.kurashiru.com/production/videos/4d60000c-01a3-4fb5-ba49-44287f552f42/compressed_thumbnail_square_large.jpg?1639367889
74,オートミールとチョコチップのクッキー,/recipes/74aa7065-9f22-4ea3-baba-ff10af478782,調理時間：30分,https://video.kurashiru.com/production/videos/74aa7065-9f22-4ea3-baba-ff10af478782/compressed_thumbnail_square_large.jpg?1639367889
75,HMでつくる！たっぷりいちじくのスコーン,/recipes/fb43028a-9238-4ab0-beee-5e182e577972,調理時間：30分,https://video.kurashiru.com/production/videos/fb43028a-9238-4ab0-beee-5e182e577972/compressed_thumbnail_square_large.jpg?1639367889
76,材料3つで雲パン,/recipes/771711dc-2c0e-4fd2-9c99-14f0fc2cf002,調理時間：30分,https://video.kurashiru.com/production/videos/771711dc-2c0e-4fd2-9c99-14f0fc2cf002/compressed_thumbnail_square_large.jpg?1639367889
77,写真映え間違いなし！贅沢クッキーブラウニー,/recipes/cb310b1d-14e6-404c-8ec9-1fce451397f9,調理時間：40分,https://video.kurashiru.com/production/videos/cb310b1d-14e6-404c-8ec9-1fce451397f9/compressed_thumbnail_square_large.jpg?1639367889
78,牛乳だけで固まるとろとろ柿プリン,/recipes/b7153915-5ef6-43f4-8814-52c161a8d01f,調理時間：200分,https://video.kurashiru.com/production/videos/b7153915-5ef6-43f4-8814-52c161a8d01f/compressed_thumbnail_square_large.jpg?1639367889
79,にんじんたっぷりふわっと甘い蒸しパン,/recipes/317b0304-fbb9-4f46-8c8a-ae92de0735c5,調理時間：40分,https://video.kurashiru.com/production/videos/317b0304-fbb9-4f46-8c8a-ae92de0735c5/compressed_thumbnail_square_large.jpg?1665129794
80,豆腐の抹茶チョコチップマフィン,/recipes/d2ff2d70-500f-4dc7-bece-98262c8661b5,調理時間：40分,https://video.kurashiru.com/production/videos/d2ff2d70-500f-4dc7-bece-98262c8661b5/compressed_thumbnail_square_large.jpg?1639367889
81,おやつにさつまいももち,/recipes/6302d3bf-93b4-4449-8346-64ba27582e9b,調理時間：20分,https://video.kurashiru.com/production/videos/6302d3bf-93b4-4449-8346-64ba27582e9b/compressed_thumbnail_square_large.jpg?1650851052
82,生シフォンケーキ,/recipes/1d521d53-f2e8-481b-8b47-2eff95cbe722,調理時間：70分,https://video.kurashiru.com/production/videos/1d521d53-f2e8-481b-8b47-2eff95cbe722/compressed_thumbnail_square_large.jpg?1639367889
83,炊飯器で焼き芋,/recipes/c9986a04-1e22-43c3-9068-657ccc7d2cf3,調理時間：60分,https://video.kurashiru.com/production/videos/c9986a04-1e22-43c3-9068-657ccc7d2cf3/compressed_thumbnail_square_large.jpg?1639367889
84,トースターで簡単バスクチーズケーキ,/recipes/cf2b4a40-7dd1-4f62-ac35-22ff10574580,調理時間：90分,https://video.kurashiru.com/production/videos/cf2b4a40-7dd1-4f62-ac35-22ff10574580/compressed_thumbnail_square_large.jpg?1672902469
85,シンプルな基本のカップケーキ,/recipes/b594123b-9a38-4303-b3ba-9228ac019d41,調理時間：25分,https://video.kurashiru.com/production/videos/b594123b-9a38-4303-b3ba-9228ac019d41/compressed_thumbnail_square_large.jpg?1639367889
86,スウェーデンのクッキーハッロングロットル,/recipes/7a10cabc-e9bb-47ec-b64a-789a5ce92a12,調理時間：30分,https://video.kurashiru.com/production/videos/7a10cabc-e9bb-47ec-b64a-789a5ce92a12/compressed_thumbnail_square_large.jpg?1639367889
87,コーヒービーンズクッキー,/recipes/dcd1c8c3-3ab9-4b89-8f8e-034bbd3ce4ff,調理時間：30分,https://video.kurashiru.com/production/videos/dcd1c8c3-3ab9-4b89-8f8e-034bbd3ce4ff/compressed_thumbnail_square_large.jpg?1639367889
88,レモン丸ごとさわやかレモンマフィン,/recipes/12ec48da-4dfe-4cb1-97ab-39d72cea9786,調理時間：40分,https://video.kurashiru.com/production/videos/12ec48da-4dfe-4cb1-97ab-39d72cea9786/compressed_thumbnail_square_large.jpg?1645436537
89,やみつき注意！？極とろ抹茶プリン,/recipes/2febfc1d-e7d1-4ad6-aca3-7f27b988aad1,調理時間：140分,https://video.kurashiru.com/production/videos/2febfc1d-e7d1-4ad6-aca3-7f27b988aad1/compressed_thumbnail_square_large.jpg?1639367889
90,米粉のお豆腐スコーン,/recipes/a32c4be5-12d8-460e-9ad5-f0f9efab9c36,調理時間：40分,https://video.kurashiru.com/production/videos/a32c4be5-12d8-460e-9ad5-f0f9efab9c36/compressed_thumbnail_square_large.jpg?1642044234
91,生チョコタルト,/recipes/e5bdd6ed-a0e7-4c55-832d-c075e31dd9d4,調理時間：80分,https://video.kurashiru.com/production/videos/e5bdd6ed-a0e7-4c55-832d-c075e31dd9d4/compressed_thumbnail_square_large.jpg?1639367889
92,なめらか抹茶のババロア,/recipes/dd12330d-3b7d-4fd5-a152-d156112d38e5,調理時間：20分,https://video.kurashiru.com/production/videos/dd12330d-3b7d-4fd5-a152-d156112d38e5/compressed_thumbnail_square_large.jpg?1639367889
93,焦がしバター香るフィナンシェ,/recipes/75b2a750-6303-45ef-a684-383ca8682a8f,調理時間：40分,https://video.kurashiru.com/production/videos/75b2a750-6303-45ef-a684-383ca8682a8f/compressed_thumbnail_square_large.jpg?1639367889
94,生地はザクザク！スティックシュークリーム,/recipes/895b4fbe-9afd-473f-a529-3db3c592833e,調理時間：60分,https://video.kurashiru.com/production/videos/895b4fbe-9afd-473f-a529-3db3c592833e/compressed_thumbnail_square_large.jpg?1639367889
95,さわやかレモンケーキ,/recipes/a935c594-d71c-4f33-a360-5296d42ce42c,調理時間：60分,https://video.kurashiru.com/production/videos/a935c594-d71c-4f33-a360-5296d42ce42c/compressed_thumbnail_square_large.jpg?1639367889
96,アーモンドプードル入り！リッチなマドレーヌ,/recipes/d55149a4-b638-4342-823b-ee41a9d2b16c,調理時間：30分,https://video.kurashiru.com/production/videos/d55149a4-b638-4342-823b-ee41a9d2b16c/compressed_thumbnail_square_large.jpg?1646378479
97,卵乳製品不使用ココアクッキー,/recipes/c7735c1d-7680-4ace-a3f3-f96c14b59689,調理時間：30分,https://video.kurashiru.com/production/videos/c7735c1d-7680-4ace-a3f3-f96c14b59689/compressed_thumbnail_square_large.jpg?1639367889
98,しっとりメープルパウンドケーキ,/recipes/f44f4d41-7434-4298-b74a-2c0ddc3e1246,調理時間：40分,https://video.kurashiru.com/production/videos/f44f4d41-7434-4298-b74a-2c0ddc3e1246/compressed_thumbnail_square_large.jpg?1667537671
99,ホットケーキミックスで！コーヒーマフィン,/recipes/17a2a245-ad30-441d-8865-f5dd06c40d1a,調理時間：30分,https://video.kurashiru.com/production/videos/17a2a245-ad30-441d-8865-f5dd06c40d1a/compressed_thumbnail_square_large.jpg?1644225669
100,サックサク！ココアアーモンドクッキー,/recipes/0ea389ca-31aa-42ce-8c38-d592befa1bb7,調理時間：30分,https://video.kurashiru.com/production/videos/0ea389ca-31aa-42ce-8c38-d592befa1bb7/compressed_thumbnail_square_large.jpg?1639367889
101,簡単おやつ白玉粉でミルク焼き餅,/recipes/f697fd24-eb5c-4f04-8b7c-6894a2d7811b,調理時間：30分,https://video.kurashiru.com/production/videos/f697fd24-eb5c-4f04-8b7c-6894a2d7811b/compressed_thumbnail_square_large.jpg?1639367889
102,餃子の皮で簡単もっちり！きな粉もち,/recipes/5453ec6a-caf6-4758-be14-de2af9b6e3c3,調理時間：10分,https://video.kurashiru.com/production/videos/5453ec6a-caf6-4758-be14-de2af9b6e3c3/compressed_thumbnail_square_large.jpg?1640152191
103,簡単美味しい！きな粉のサクサクホロホロサブレ,/recipes/437bde1f-2a85-4b1e-bff9-3083a04d42dc,調理時間：30分,https://video.kurashiru.com/production/videos/437bde1f-2a85-4b1e-bff9-3083a04d42dc/compressed_thumbnail_square_large.jpg?1660272485
104,HMで簡単サクサク揚げ菓子,/recipes/2c2ec627-1842-4c00-86da-8fd9aff11d56,調理時間：15分,https://video.kurashiru.com/production/videos/2c2ec627-1842-4c00-86da-8fd9aff11d56/compressed_thumbnail_square_large.jpg?1561532911
105,簡単レンジでさつまいも餅,/recipes/441bb381-6f62-4ebe-9154-f6ffd5c6da8f,調理時間：30分,https://video.kurashiru.com/production/videos/441bb381-6f62-4ebe-9154-f6ffd5c6da8f/compressed_thumbnail_square_large.jpg?1639367889
106,やさしい味！簡単に作れるバナナ餅,/recipes/03ced9fc-60c5-48d3-ba35-53315fb66044,調理時間：10分,https://video.kurashiru.com/production/videos/03ced9fc-60c5-48d3-ba35-53315fb66044/compressed_thumbnail_square_large.jpg?1639367889
107,ホットケーキミックスで簡単タルトタタ...,/recipes/86f9dc49-6aa1-4f9b-ba86-dc54aaa0c887,調理時間：50分,https://video.kurashiru.com/production/videos/86f9dc49-6aa1-4f9b-ba86-dc54aaa0c887/compressed_thumbnail_square_large.jpg?1639367889
108,材料3つ！簡単ババロア,/recipes/3dbb79af-5eab-4ac3-92d0-496639a69caa,調理時間：80分,https://video.kurashiru.com/production/videos/3dbb79af-5eab-4ac3-92d0-496639a69caa/compressed_thumbnail_square_large.jpg?1639367889
109,材料4つで簡単プレーンアイスボックス...,/recipes/f13e3533-5a25-425e-8cfe-fa12a11dcd7b,調理時間：250分,https://video.kurashiru.com/production/videos/f13e3533-5a25-425e-8cfe-fa12a11dcd7b/compressed_thumbnail_square_large.jpg?1639394014
110,HMで簡単キャロットケーキ,/recipes/a1fddd06-5f42-4e29-8a63-9bb303f56895,調理時間：90分,https://video.kurashiru.com/production/videos/a1fddd06-5f42-4e29-8a63-9bb303f56895/compressed_thumbnail_square_large.jpg?1639367889
111,型要らずでとってもかんたんホイルバタ...,/recipes/d32456dc-c1a3-43b1-871e-024746c5a74a,調理時間：30分,https://video.kurashiru.com/production/videos/d32456dc-c1a3-43b1-871e-024746c5a74a/compressed_thumbnail_square_large.jpg?1639367889
112,ジャムで作る！簡単ひんやりゼリー,/recipes/888fa88b-a51a-4363-bea1-4d1bd803f37a,調理時間：15分,https://video.kurashiru.com/production/videos/888fa88b-a51a-4363-bea1-4d1bd803f37a/compressed_thumbnail_square_large.jpg?1550736197
113,簡単ココアクッキーのパンプキンパウンドケーキ,/recipes/8e220af8-c41d-42f9-bd4c-9a980deee3f0,調理時間：45分,https://video.kurashiru.com/production/videos/8e220af8-c41d-42f9-bd4c-9a980deee3f0/compressed_thumbnail_square_large.jpg?1639367889
114,ジャムで簡単ストロベリーパンナコッタ,/recipes/45218b7e-0a62-49bc-a5ff-2b6da8a82f8c,調理時間：70分,https://video.kurashiru.com/production/videos/45218b7e-0a62-49bc-a5ff-2b6da8a82f8c/compressed_thumbnail_square_large.jpg?1654223807
115,材料３つだけで作るごまたっぷりのシチ...,/recipes/691aa664-ea20-4973-b1db-9500099f0e38,調理時間：20分,https://video.kurashiru.com/production/videos/691aa664-ea20-4973-b1db-9500099f0e38/compressed_thumbnail_square_large.jpg?1512705501
116,少ない材料で簡単定番の堅焼きプリン,/recipes/f83c8564-fe27-4feb-bdde-57e1f35cddf0,調理時間：180分,https://video.kurashiru.com/production/videos/f83c8564-fe27-4feb-bdde-57e1f35cddf0/compressed_thumbnail_square_large.jpg?1639367889
117,簡単デザートチョコケーキボール,/recipes/d360fdda-7172-425f-a608-8b16866a0763,調理時間：70分,https://video.kurashiru.com/production/videos/d360fdda-7172-425f-a608-8b16866a0763/compressed_thumbnail_square_large.jpg?1611555661
118,HMで簡単混ぜるだけ！ドライフルーツマフィン,/recipes/09f4413a-83ff-4749-8635-c8620941a37d,調理時間：35分,https://video.kurashiru.com/production/videos/09f4413a-83ff-4749-8635-c8620941a37d/compressed_thumbnail_square_large.jpg?1639367889
119,簡単かわいいマシュマロビスケットサンド,/recipes/eee3e54f-7415-4e7c-9a5e-af792ce9058e,調理時間：30分,https://video.kurashiru.com/production/videos/eee3e54f-7415-4e7c-9a5e-af792ce9058e/compressed_thumbnail_square_large.jpg?1639367889
120,簡単焼き芋でチーズケーキ,/recipes/49222cf1-8fd3-468a-9a4a-be104bcd59a7,調理時間：60分,https://video.kurashiru.com/production/videos/49222cf1-8fd3-468a-9a4a-be104bcd59a7/compressed_thumbnail_square_large.jpg?1639367889
121,簡単チョコバナナクッキー,/recipes/2547cdcb-342d-48be-bff2-bc32b8091c8e,調理時間：30分,https://video.kurashiru.com/production/videos/2547cdcb-342d-48be-bff2-bc32b8091c8e/compressed_thumbnail_square_large.jpg?1650360427
122,簡単おいしいコーヒームース,/recipes/53cfbe07-a2c0-4f78-aec9-755c863093d1,調理時間：20分,https://video.kurashiru.com/production/videos/53cfbe07-a2c0-4f78-aec9-755c863093d1/compressed_thumbnail_square_large.jpg?1639367889
123,簡単可愛い！絞り出しクッキー,/recipes/c708db11-42da-452a-92de-756c7220697c,調理時間：60分,https://video.kurashiru.com/production/videos/c708db11-42da-452a-92de-756c7220697c/compressed_thumbnail_square_large.jpg?1639367889
124,材料5つで簡単コーヒーゼリー,/recipes/e2900da4-d806-4aee-b535-83ddc524df12,調理時間：210分,https://video.kurashiru.com/production/videos/e2900da4-d806-4aee-b535-83ddc524df12/compressed_thumbnail_square_large.jpg?1639367889
125,簡単バターカップケーキ,/recipes/1ef874e6-99f5-4051-b5fa-89005f2dc349,調理時間：30分,https://video.kurashiru.com/production/videos/1ef874e6-99f5-4051-b5fa-89005f2dc349/compressed_thumbnail_square_large.jpg?1639367889
126,4つの材料で簡単ショコラテリーヌ,/recipes/b03a7be9-306b-4434-872f-29861ec07db5,調理時間：200分,https://video.kurashiru.com/production/videos/b03a7be9-306b-4434-872f-29861ec07db5/compressed_thumbnail_square_large.jpg?1639367889
127,ゼラチンで簡単に！濃厚プリン,/recipes/03e9f545-db72-4401-8d52-40d000ec4d37,調理時間：90分,https://video.kurashiru.com/production/videos/03e9f545-db72-4401-8d52-40d000ec4d37/compressed_thumbnail_square_large.jpg?1639367889
128,お家で簡単オランジェット,/recipes/ce0bfbfd-10d7-485d-8ec4-4c025f95a9df,調理時間：90分,https://video.kurashiru.com/production/videos/ce0bfbfd-10d7-485d-8ec4-4c025f95a9df/compressed_thumbnail_square_large.jpg?1639367889
129,混ぜて冷やすだけ！クリームチーズの簡単プリン,/recipes/ba0432cb-bbc6-49c4-9dcb-dd60931c0dba,調理時間：40分,https://video.kurashiru.com/production/videos/ba0432cb-bbc6-49c4-9dcb-dd60931c0dba/compressed_thumbnail_square_large.jpg?1639367889
130,材料4つで簡単！プチバナナマフィン,/recipes/c43e595f-ec19-4ab0-85e3-bc0b26b2f34f,調理時間：30分,https://video.kurashiru.com/production/videos/c43e595f-ec19-4ab0-85e3-bc0b26b2f34f/compressed_thumbnail_square_large.jpg?1639367889
131,炊飯器でつくるふわっと炊飯チーズケーキ,/recipes/8fe7c3df-490f-46ed-b623-2dd27c26511d,調理時間：15分,https://video.kurashiru.com/production/videos/8fe7c3df-490f-46ed-b623-2dd27c26511d/compressed_thumbnail_square_large.jpg?1639367889
132,簡単デザートカステラでティラミス風,/recipes/4befba00-8e93-440a-ae23-76f625bbf09e,調理時間：30分,https://video.kurashiru.com/production/videos/4befba00-8e93-440a-ae23-76f625bbf09e/compressed_thumbnail_square_large.jpg?1610956994
133,ぷるぷる食感ミルクプリン,/recipes/6dc7feae-73bd-4e48-ae09-c34044f2b68b,調理時間：15分,https://video.kurashiru.com/production/videos/6dc7feae-73bd-4e48-ae09-c34044f2b68b/compressed_thumbnail_square_large.jpg?1639367889
134,簡単かわいい！　ハリネズミのスノーボール,/recipes/220df0c1-b4d0-4394-88e2-d1edf8a0babb,調理時間：90分,https://video.kurashiru.com/production/videos/220df0c1-b4d0-4394-88e2-d1edf8a0babb/compressed_thumbnail_square_large.jpg?1639367889
135,のり塩クッキー,/recipes/f696bea1-efc2-44e7-a1fc-af95d9067d0a,調理時間：20分,https://video.kurashiru.com/production/videos/f696bea1-efc2-44e7-a1fc-af95d9067d0a/compressed_thumbnail_square_large.jpg?1639367889
136,冷凍パイシートで！チョコデニッシュ,/recipes/506e3e4f-982e-44d9-9cb6-88d14232c9db,調理時間：40分,https://video.kurashiru.com/production/videos/506e3e4f-982e-44d9-9cb6-88d14232c9db/compressed_thumbnail_square_large.jpg?1639367889
137,りんごの飾り切り,/recipes/42b746cb-111e-49b8-8dfc-dd4771632c86,調理時間：20分,https://video.kurashiru.com/production/videos/42b746cb-111e-49b8-8dfc-dd4771632c86/compressed_thumbnail_square_large.jpg?1639367889
138,自宅で本格わらび餅,/recipes/8e7bc3e7-465f-4494-bcc6-9a26452085c5,調理時間：20分,https://video.kurashiru.com/production/videos/8e7bc3e7-465f-4494-bcc6-9a26452085c5/compressed_thumbnail_square_large.jpg?1639367889
139,簡単シトラスのアジアンデザート,/recipes/6beeb403-7c66-42d3-98c5-82c6cdf4cfe1,調理時間：10分,https://video.kurashiru.com/production/videos/6beeb403-7c66-42d3-98c5-82c6cdf4cfe1/compressed_thumbnail_square_large.jpg?1588935675
140,カッテージチーズとバナナの簡単デザート,/recipes/35fb054c-c546-4ee4-be88-768b66b7063a,調理時間：15分,https://video.kurashiru.com/production/videos/35fb054c-c546-4ee4-be88-768b66b7063a/compressed_thumbnail_square_large.jpg?1524538239
141,アーモンドざくざくシナモン香るシチリア菓子,/recipes/5605287a-0a37-40f4-b7d0-4892a081a88f,調理時間：20分,https://video.kurashiru.com/production/videos/5605287a-0a37-40f4-b7d0-4892a081a88f/compressed_thumbnail_square_large.jpg?1513679073
142,レンジで簡単カスタード入り！りんご餃子,/recipes/eb1a1b1d-bf7f-4c88-9b09-d9686f05a7d4,調理時間：30分,https://video.kurashiru.com/production/videos/eb1a1b1d-bf7f-4c88-9b09-d9686f05a7d4/compressed_thumbnail_square_large.jpg?1613520388
143,親子でつくろう！ひとくちグミ,/recipes/b3ea4476-a1b2-4f1a-98bc-52305fb4e3fa,調理時間：40分,https://video.kurashiru.com/production/videos/b3ea4476-a1b2-4f1a-98bc-52305fb4e3fa/compressed_thumbnail_square_large.jpg?1639367889
144,しっとりもちもち抹茶の和風ファーブルトン,/recipes/acf444b6-ee32-4c09-a8e4-217216fdc696,調理時間：40分,https://video.kurashiru.com/production/videos/acf444b6-ee32-4c09-a8e4-217216fdc696/compressed_thumbnail_square_large.jpg?1615517581
145,コーンスープの素で簡単麩菓子,/recipes/9d9f5ce1-0eb4-42bc-b22d-e601edfddf56,調理時間：20分,https://video.kurashiru.com/production/videos/9d9f5ce1-0eb4-42bc-b22d-e601edfddf56/compressed_thumbnail_square_large.jpg?1553911353
146,ふわふわオムレツ,/recipes/8c42cba2-0cf8-40ea-a7a2-5152c34247c3,調理時間：40分,https://video.kurashiru.com/production/videos/8c42cba2-0cf8-40ea-a7a2-5152c34247c3/compressed_thumbnail_square_large.jpg?1639367889
147,HM＆豆腐で！チョコパウンドケーキ,/recipes/a0c5e0a4-1fcd-4e50-88af-7d1ac2631bb5,調理時間：60分,https://video.kurashiru.com/production/videos/a0c5e0a4-1fcd-4e50-88af-7d1ac2631bb5/compressed_thumbnail_square_large.jpg?1639367889
148,可愛いお化けマシュマロクッキー,/recipes/9c93514c-cb27-46fe-8234-ed56f10bfd20,調理時間：60分,https://video.kurashiru.com/production/videos/9c93514c-cb27-46fe-8234-ed56f10bfd20/compressed_thumbnail_square_large.jpg?1639367889
149,スライスチーズでふわふわスフレチーズケーキ,/recipes/b8b08909-7d94-4e4b-9b2f-b4165c448dd5,調理時間：30分,https://video.kurashiru.com/production/videos/b8b08909-7d94-4e4b-9b2f-b4165c448dd5/compressed_thumbnail_square_large.jpg?1672902469
150,炊飯器でチョコチップスコーン,/recipes/ffd32879-218e-4cbb-88b5-1dbde43de7f0,調理時間：80分,https://video.kurashiru.com/production/videos/ffd32879-218e-4cbb-88b5-1dbde43de7f0/compressed_thumbnail_square_large.jpg?1639367889
151,たっぷりアーモンドのパウンドケーキ,/recipes/62bf923f-4590-4c0f-90a9-db8e3f3dcfd2,調理時間：50分,https://video.kurashiru.com/production/videos/62bf923f-4590-4c0f-90a9-db8e3f3dcfd2/compressed_thumbnail_square_large.jpg?1639367889
152,HMで抹茶と甘納豆のパウンドケーキ,/recipes/67e5b228-6f05-436f-989a-8bab47eda8a0,調理時間：40分,https://video.kurashiru.com/production/videos/67e5b228-6f05-436f-989a-8bab47eda8a0/compressed_thumbnail_square_large.jpg?1639367889
153,材料3つコップのふちクッキー,/recipes/3c431681-0a5e-4619-8f97-0c8768900f74,調理時間：80分,https://video.kurashiru.com/production/videos/3c431681-0a5e-4619-8f97-0c8768900f74/compressed_thumbnail_square_large.jpg?1639367889
154,チーズクリームブッセ,/recipes/3166e22c-28c6-4401-9cd1-e84fe015b676,調理時間：50分,https://video.kurashiru.com/production/videos/3166e22c-28c6-4401-9cd1-e84fe015b676/compressed_thumbnail_square_large.jpg?1639367889
155,チョコソースがけ　サクサクバターラスク,/recipes/400499bc-8b14-4f2b-a870-1533a4271b74,調理時間：15分,https://video.kurashiru.com/production/videos/400499bc-8b14-4f2b-a870-1533a4271b74/compressed_thumbnail_square_large.jpg?1639367889
156,見た目華やか！プレゼントに最適！バラクッキー,/recipes/bdf69667-bbfb-4672-a61f-cb342f56573b,調理時間：40分,https://video.kurashiru.com/production/videos/bdf69667-bbfb-4672-a61f-cb342f56573b/compressed_thumbnail_square_large.jpg?1639367889
157,シンプルレモン香るパウンドケーキ,/recipes/a4f28cfc-2ed8-4a37-9d92-650d54305efe,調理時間：60分,https://video.kurashiru.com/production/videos/a4f28cfc-2ed8-4a37-9d92-650d54305efe/compressed_thumbnail_square_large.jpg?1639367889
158,お手軽モンブラン,/recipes/ff4c3be2-e919-452e-b835-83bb71decd48,調理時間：90分,https://video.kurashiru.com/production/videos/ff4c3be2-e919-452e-b835-83bb71decd48/compressed_thumbnail_square_large.jpg?1639367889
159,あんこ入りが美味しい抹茶マフィン,/recipes/1af3c640-21ad-4f2b-9d4c-600440cdad1b,調理時間：45分,https://video.kurashiru.com/production/videos/1af3c640-21ad-4f2b-9d4c-600440cdad1b/compressed_thumbnail_square_large.jpg?1639367889
160,2層になる！かぼちゃプリン,/recipes/0189e09a-a9ff-40e8-a3d2-2ace759a6ee9,調理時間：20分,https://video.kurashiru.com/production/videos/0189e09a-a9ff-40e8-a3d2-2ace759a6ee9/compressed_thumbnail_square_large.jpg?1639367889
161,つぶあんの作り方,/recipes/2693c223-d590-4186-8775-e7bd720610a5,調理時間：60分,https://video.kurashiru.com/production/videos/2693c223-d590-4186-8775-e7bd720610a5/compressed_thumbnail_square_large.jpg?1639367889
162,相性抜群！ブルーベリージャムとクリーム...,/recipes/32760aeb-481b-4ddc-87cb-485666caddae,調理時間：45分,https://video.kurashiru.com/production/videos/32760aeb-481b-4ddc-87cb-485666caddae/compressed_thumbnail_square_large.jpg?1639367889
163,米粉のパウンドケーキ,/recipes/b84cf1dc-ec31-450a-87c9-adc107dbf934,調理時間：60分,https://video.kurashiru.com/production/videos/b84cf1dc-ec31-450a-87c9-adc107dbf934/compressed_thumbnail_square_large.jpg?1644976325
164,もーちもち！ごま団子,/recipes/ed0aafcf-5532-43f9-b5b4-a33f5e029262,調理時間：30分,https://video.kurashiru.com/production/videos/ed0aafcf-5532-43f9-b5b4-a33f5e029262/compressed_thumbnail_square_large.jpg?1639367889
165,レーズンシュガーバターパン,/recipes/fac91b6d-0da7-4da5-963f-601fe5d836f1,調理時間：140分,https://video.kurashiru.com/production/videos/fac91b6d-0da7-4da5-963f-601fe5d836f1/compressed_thumbnail_square_large.jpg?1639367889
166,おうちで作ろうチョコバナナ,/recipes/87ee2f5b-d203-4e17-adb3-f71a1c6a2fb0,調理時間：140分,https://video.kurashiru.com/production/videos/87ee2f5b-d203-4e17-adb3-f71a1c6a2fb0/compressed_thumbnail_square_large.jpg?1657094462
167,バナナのキャラメリゼ,/recipes/60a29f6e-4879-43e7-8a44-2bc7c0243b11,調理時間：10分,https://video.kurashiru.com/production/videos/60a29f6e-4879-43e7-8a44-2bc7c0243b11/compressed_thumbnail_square_large.jpg?1639367889
168,つまむ手が止まらない！キャラメルポップコーン,/recipes/7e2878db-f999-4f82-a3a6-8a1f48781bfa,調理時間：30分,https://video.kurashiru.com/production/videos/7e2878db-f999-4f82-a3a6-8a1f48781bfa/compressed_thumbnail_square_large.jpg?1639367889
169,芋ようかん,/recipes/bc4a8660-0aac-4213-af65-01af30f46e05,調理時間：100分,https://video.kurashiru.com/production/videos/bc4a8660-0aac-4213-af65-01af30f46e05/compressed_thumbnail_square_large.jpg?1666595810
170,ヨーグルトマフィン,/recipes/582faf40-f8b7-4839-8556-9fe42fca9846,調理時間：30分,https://video.kurashiru.com/production/videos/582faf40-f8b7-4839-8556-9fe42fca9846/compressed_thumbnail_square_large.jpg?1639367889
171,サクサク柚子クッキー,/recipes/7b5b0d35-b0b7-4deb-b468-3c3450bacec5,調理時間：30分,https://video.kurashiru.com/production/videos/7b5b0d35-b0b7-4deb-b468-3c3450bacec5/compressed_thumbnail_square_large.jpg?1639367889
172,オレンジジュースマフィン,/recipes/fdfea1f4-d6d6-4e13-bacc-6b5778126aee,調理時間：40分,https://video.kurashiru.com/production/videos/fdfea1f4-d6d6-4e13-bacc-6b5778126aee/compressed_thumbnail_square_large.jpg?1639367889
173,ホットケーキミックスでブルーベリープチ...,/recipes/587dfe0c-4917-4e7f-8f20-fe27359ea4a0,調理時間：25分,https://video.kurashiru.com/production/videos/587dfe0c-4917-4e7f-8f20-fe27359ea4a0/compressed_thumbnail_square_large.jpg?1639367889
174,とろーりのびーる濃厚ミルク餅,/recipes/3a192c64-e459-4181-8327-1d829146508e,調理時間：15分,https://video.kurashiru.com/production/videos/3a192c64-e459-4181-8327-1d829146508e/compressed_thumbnail_square_large.jpg?1671418230
175,おやつにおすすめかぼちゃのパンケーキ,/recipes/168234b4-aaf7-497c-b960-eb59873d7c93,調理時間：20分,https://video.kurashiru.com/production/videos/168234b4-aaf7-497c-b960-eb59873d7c93/compressed_thumbnail_square_large.jpg?1639367889
176,ひよこのスイートポテト　,/recipes/83cf4e5f-aa86-4c4f-bf97-566638303083,調理時間：50分,https://video.kurashiru.com/production/videos/83cf4e5f-aa86-4c4f-bf97-566638303083/compressed_thumbnail_square_large.jpg?1639367889
177,さっぱり！クリームチーズスコーン,/recipes/cb179660-8466-4b6d-be60-2c3b2a46c280,調理時間：30分,https://video.kurashiru.com/production/videos/cb179660-8466-4b6d-be60-2c3b2a46c280/compressed_thumbnail_square_large.jpg?1639367889
178,軽い食感きな粉のスコーン,/recipes/ceaf4766-4c2d-4472-a336-2e60b6644de8,調理時間：30分,https://video.kurashiru.com/production/videos/ceaf4766-4c2d-4472-a336-2e60b6644de8/compressed_thumbnail_square_large.jpg?1639367889
179,ホットケーキミックスで作るクランベリ...,/recipes/393f3893-1353-4848-8bed-4be19fc52c23,調理時間：30分,https://video.kurashiru.com/production/videos/393f3893-1353-4848-8bed-4be19fc52c23/compressed_thumbnail_square_large.jpg?1652949987
180,カッテージチーズでベイクドチーズケーキ,/recipes/725a9a25-aae6-430d-8fd3-adb86cb87c40,調理時間：120分,https://video.kurashiru.com/production/videos/725a9a25-aae6-430d-8fd3-adb86cb87c40/compressed_thumbnail_square_large.jpg?1639367889
181,蒸さないなめらか！かぼちゃプリン,/recipes/95545097-3ec6-484c-8fff-955cfdbbc4e2,調理時間：150分,https://video.kurashiru.com/production/videos/95545097-3ec6-484c-8fff-955cfdbbc4e2/compressed_thumbnail_square_large.jpg?1639367889
182,バナナチョコチップパウンドケーキ,/recipes/0ae390ed-a6b0-4da1-9747-e4d670242088,調理時間：60分,https://video.kurashiru.com/production/videos/0ae390ed-a6b0-4da1-9747-e4d670242088/compressed_thumbnail_square_large.jpg?1654068333
183,生クリーム不使用！バニラアイス,/recipes/fa471864-5df7-4435-8ff7-30da083bf5ed,調理時間：260分,https://video.kurashiru.com/production/videos/fa471864-5df7-4435-8ff7-30da083bf5ed/compressed_thumbnail_square_large.jpg?1639367889
184,バナナブレッド,/recipes/ebe305e1-2b7e-477c-bc46-5f6ebabdf482,調理時間：60分,https://video.kurashiru.com/production/videos/ebe305e1-2b7e-477c-bc46-5f6ebabdf482/compressed_thumbnail_square_large.jpg?1639367889
185,生チョコタルト,/recipes/73e646e1-7eda-4487-afb2-016ca0c5e371,調理時間：140分,https://video.kurashiru.com/production/videos/73e646e1-7eda-4487-afb2-016ca0c5e371/compressed_thumbnail_square_large.jpg?1639367889
186,【ポイント解説付き】市松模様のアイスボ...,/recipes/1c5c47be-2d86-4efb-9b23-77e110db6e6c,調理時間：100分,https://video.kurashiru.com/production/videos/1c5c47be-2d86-4efb-9b23-77e110db6e6c/compressed_thumbnail_square_large.jpg?1639367889
187,忙しい朝に！シナモンシュガートースト,/recipes/65553c00-db27-4a9f-a18f-53d45d66b977,調理時間：10分,https://video.kurashiru.com/production/videos/65553c00-db27-4a9f-a18f-53d45d66b977/compressed_thumbnail_square_large.jpg?1639367889
188,卵不使用！2種のベリーのヨーグルトパウ...,/recipes/3cd0eabc-70d4-4eff-88cd-e3ab0fa392e2,調理時間：20分,https://video.kurashiru.com/production/videos/3cd0eabc-70d4-4eff-88cd-e3ab0fa392e2/compressed_thumbnail_square_large.jpg?1639367889
189,いちごジャムの絞りだしクッキー,/recipes/4564bae0-ed26-41ee-8d9e-ac2b85a2cd32,調理時間：30分,https://video.kurashiru.com/production/videos/4564bae0-ed26-41ee-8d9e-ac2b85a2cd32/compressed_thumbnail_square_large.jpg?1639367889
190,ココアフィナンシェ,/recipes/800d97ad-d6f5-42e9-9b4a-e0456776f594,調理時間：40分,https://video.kurashiru.com/production/videos/800d97ad-d6f5-42e9-9b4a-e0456776f594/compressed_thumbnail_square_large.jpg?1639367889
191,もち米いらず！3色おはぎ,/recipes/964c1662-33ff-46f2-956d-f00efd65fc4a,調理時間：20分,https://video.kurashiru.com/production/videos/964c1662-33ff-46f2-956d-f00efd65fc4a/compressed_thumbnail_square_large.jpg?1639367889
192,手軽につまめるサクサクショートブレッド,/recipes/d490d694-e314-4ee6-9da1-0971ad9abe5d,調理時間：20分,https://video.kurashiru.com/production/videos/d490d694-e314-4ee6-9da1-0971ad9abe5d/compressed_thumbnail_square_large.jpg?1652350451
193,プレッツェル風チョコスティックパイ,/recipes/d6163928-674c-4f3a-a30d-4bc7492eebb5,調理時間：40分,https://video.kurashiru.com/production/videos/d6163928-674c-4f3a-a30d-4bc7492eebb5/compressed_thumbnail_square_large.jpg?1639367889
194,優しい甘さかぼちゃのマフィン,/recipes/e53f303c-129f-42ae-8792-fdfdfd021222,調理時間：40分,https://video.kurashiru.com/production/videos/e53f303c-129f-42ae-8792-fdfdfd021222/compressed_thumbnail_square_large.jpg?1639367889
195,ザクザク食感板チョコでマフィン,/recipes/23e7e464-6b27-499d-8ea2-67c03dfa52d1,調理時間：40分,https://video.kurashiru.com/production/videos/23e7e464-6b27-499d-8ea2-67c03dfa52d1/compressed_thumbnail_square_large.jpg?1639367889
196,ザクうまココアのクラックル,/recipes/59d1c924-f1c8-47d2-8347-a2ab14564eb5,調理時間：40分,https://video.kurashiru.com/production/videos/59d1c924-f1c8-47d2-8347-a2ab14564eb5/compressed_thumbnail_square_large.jpg?1639367889
197,ホットケーキミックスでとろうま　ストロ...,/recipes/84394561-74f3-4298-89b8-f4a627c90a7a,調理時間：30分,https://video.kurashiru.com/production/videos/84394561-74f3-4298-89b8-f4a627c90a7a/compressed_thumbnail_square_large.jpg?1637565924
198,しっとり！ホワイトチョコブラウニー,/recipes/37eda8cc-a653-43d2-89fc-00e13e20afe6,調理時間：30分,https://video.kurashiru.com/production/videos/37eda8cc-a653-43d2-89fc-00e13e20afe6/compressed_thumbnail_square_large.jpg?1639367889
199,優しい甘さのバナナマフィン,/recipes/84ffca66-ed89-474b-aa0d-8c17f1f0b78d,調理時間：60分,https://video.kurashiru.com/production/videos/84ffca66-ed89-474b-aa0d-8c17f1f0b78d/compressed_thumbnail_square_large.jpg?1639367889
200,簡単デザートりんごと桃のとろとろゼリー,/recipes/939a6b11-320b-4726-af39-0add4d4f19f5,調理時間：200分,https://video.kurashiru.com/production/videos/939a6b11-320b-4726-af39-0add4d4f19f5/compressed_thumbnail_square_large.jpg?1566012629
201,基本のチョコレートパウンドケーキ,/recipes/62e4989a-5f5f-45d5-8aae-931a33be259d,調理時間：60分,https://video.kurashiru.com/production/videos/62e4989a-5f5f-45d5-8aae-931a33be259d/compressed_thumbnail_square_large.jpg?1667537671
202,生クッキー！？簡単ディップ,/recipes/d21c2656-93b7-4746-b1bc-e4928538c0e3,調理時間：15分,https://video.kurashiru.com/production/videos/d21c2656-93b7-4746-b1bc-e4928538c0e3/compressed_thumbnail_square_large.jpg?1512704776
203,グラノーラでざくざくビスコッティ,/recipes/08207dab-a9cb-409c-946b-1616ac0607bb,調理時間：50分,https://video.kurashiru.com/production/videos/08207dab-a9cb-409c-946b-1616ac0607bb/compressed_thumbnail_square_large.jpg?1639367889
204,ザクうま！チョコサラミ,/recipes/566d10fc-4966-4d56-b73a-435684d5f7c3,調理時間：80分,https://video.kurashiru.com/production/videos/566d10fc-4966-4d56-b73a-435684d5f7c3/compressed_thumbnail_square_large.jpg?1639367889
205,キャラメル＆ゼラチンで簡単　とろける塩...,/recipes/204c32fe-4b97-4c5a-b317-1408e4d53c9f,調理時間：20分,https://video.kurashiru.com/production/videos/204c32fe-4b97-4c5a-b317-1408e4d53c9f/compressed_thumbnail_square_large.jpg?1580710225
206,ホットケーキミックスでクッキーブラウニー,/recipes/647936c0-59c4-49a2-87b2-a96be5864678,調理時間：90分,https://video.kurashiru.com/production/videos/647936c0-59c4-49a2-87b2-a96be5864678/compressed_thumbnail_square_large.jpg?1639367889
207,しっとりさっぱり　みかんマフィン,/recipes/952bc1aa-df75-4861-b19b-e05cdb472cd3,調理時間：40分,https://video.kurashiru.com/production/videos/952bc1aa-df75-4861-b19b-e05cdb472cd3/compressed_thumbnail_square_large.jpg?1639367889
208,ほくほく！スイートポテトパイ,/recipes/5738bf09-7873-44a8-8f72-2807ada9eb2a,調理時間：40分,https://video.kurashiru.com/production/videos/5738bf09-7873-44a8-8f72-2807ada9eb2a/compressed_thumbnail_square_large.jpg?1639367889
209,ぷるっぷるっ！お家で本格抹茶ゼリー,/recipes/ea99280c-6075-4a94-aebb-d96728b93b37,調理時間：5分,https://video.kurashiru.com/production/videos/ea99280c-6075-4a94-aebb-d96728b93b37/compressed_thumbnail_square_large.jpg?1639367889
210,米粉ときな粉で優しい甘さのクッキー　,/recipes/f3e50408-a1e7-4b85-a18e-a1bc040166fd,調理時間：30分,https://video.kurashiru.com/production/videos/f3e50408-a1e7-4b85-a18e-a1bc040166fd/compressed_thumbnail_square_large.jpg?1639367889
211,重箱に入った濃厚抹茶ティラミス,/recipes/453a416c-c839-4bad-bbcb-7907a92daa2d,調理時間：90分,https://video.kurashiru.com/production/videos/453a416c-c839-4bad-bbcb-7907a92daa2d/compressed_thumbnail_square_large.jpg?1639367889
212,市販タルトでかわいい！プチエッグタルト,/recipes/931317f6-af4a-4105-b097-17f1db192f67,調理時間：30分,https://video.kurashiru.com/production/videos/931317f6-af4a-4105-b097-17f1db192f67/compressed_thumbnail_square_large.jpg?1655347380
213,こんがりサクサク焼きチョコ,/recipes/35d40b8e-8bd6-4fd3-8a88-6af33324ab57,調理時間：30分,https://video.kurashiru.com/production/videos/35d40b8e-8bd6-4fd3-8a88-6af33324ab57/compressed_thumbnail_square_large.jpg?1639367889
214,炊飯器でお手軽ガトーショコラ,/recipes/cb60cc35-8980-47ac-ba38-2f146faccb06,調理時間：60分,https://video.kurashiru.com/production/videos/cb60cc35-8980-47ac-ba38-2f146faccb06/compressed_thumbnail_square_large.jpg?1639367889
215,シュワっと爽やか！フルーツサイダーゼリー,/recipes/8a84ce58-b263-4123-9958-5342e9b6ad64,調理時間：20分,https://video.kurashiru.com/production/videos/8a84ce58-b263-4123-9958-5342e9b6ad64/compressed_thumbnail_square_large.jpg?1639367889
216,焼きっぱなしで簡単ピーナッツバナナケーキ,/recipes/c37d0752-eeae-40c1-942b-19ab7839b203,調理時間：45分,https://video.kurashiru.com/production/videos/c37d0752-eeae-40c1-942b-19ab7839b203/compressed_thumbnail_square_large.jpg?1524706616
217,簡単！ハートのポテトチョコチップスでバ...,/recipes/31579811-1956-4dee-9675-ae2d07f8a788,調理時間：20分,https://video.kurashiru.com/production/videos/31579811-1956-4dee-9675-ae2d07f8a788/compressed_thumbnail_square_large.jpg?1613520388
218,簡単美味しいいちごチョコレート,/recipes/99455d0d-0e4b-41d4-9cf1-ff98e0437a54,調理時間：20分,https://video.kurashiru.com/production/videos/99455d0d-0e4b-41d4-9cf1-ff98e0437a54/compressed_thumbnail_square_large.jpg?1518635144
219,レンジで簡単！手作りイチゴジャムサンドイッチ,/recipes/4f13344d-b754-4b87-8036-eafe9a431518,調理時間：30分,https://video.kurashiru.com/production/videos/4f13344d-b754-4b87-8036-eafe9a431518/compressed_thumbnail_square_large.jpg?1641961635
220,電子レンジでモチモチ　枝豆チーズ豆腐餅,/recipes/a88eced2-3e1f-47c0-bd22-3bdf1ac55b1b,調理時間：20分,https://video.kurashiru.com/production/videos/a88eced2-3e1f-47c0-bd22-3bdf1ac55b1b/compressed_thumbnail_square_large.jpg?1639367889
221,抹茶のマーブルシフォンケーキ,/recipes/ee7b93d7-81db-4508-bcae-28705101e01f,調理時間：60分,https://video.kurashiru.com/production/videos/ee7b93d7-81db-4508-bcae-28705101e01f/compressed_thumbnail_square_large.jpg?1639367889
222,電子レンジで簡単葛餅,/recipes/e76d8a45-0ed7-4dff-897c-48ae8ca17cef,調理時間：20分,https://video.kurashiru.com/production/videos/e76d8a45-0ed7-4dff-897c-48ae8ca17cef/compressed_thumbnail_square_large.jpg?1534223933
223,簡単デザート！ハニートースト,/recipes/5d1c2e97-b24c-4195-8b43-32f4a74e84a4,調理時間：10分,https://video.kurashiru.com/production/videos/5d1c2e97-b24c-4195-8b43-32f4a74e84a4/compressed_thumbnail_square_large.jpg?1610948375
224,簡単くるくる！さくさくごまチョコパイ,/recipes/75ef417f-e8fa-4ecd-8701-db4945fce54f,調理時間：15分,https://video.kurashiru.com/production/videos/75ef417f-e8fa-4ecd-8701-db4945fce54f/compressed_thumbnail_square_large.jpg?1585180645
225,豆乳デザート！簡単豆乳寒天,/recipes/8725457b-9b2d-40c8-ab41-5f0c7b0034b6,調理時間：60分,https://video.kurashiru.com/production/videos/8725457b-9b2d-40c8-ab41-5f0c7b0034b6/compressed_thumbnail_square_large.jpg?1608258306
226,おうちで簡単プチリンツァートルテ,/recipes/7b9131f4-11dc-40d9-9948-e6c88533294e,調理時間：60分,https://video.kurashiru.com/production/videos/7b9131f4-11dc-40d9-9948-e6c88533294e/compressed_thumbnail_square_large.jpg?1544212977
227,メロンの簡単トライフル,/recipes/d9d68840-4886-4310-b20c-d8c26207a356,調理時間：40分,https://video.kurashiru.com/production/videos/d9d68840-4886-4310-b20c-d8c26207a356/compressed_thumbnail_square_large.jpg?1590987879
228,ホットケーキミックスでフランス風ふわふ...,/recipes/6b34bad7-16b6-4532-a2ea-4ebc99fa9651,調理時間：50分,https://video.kurashiru.com/production/videos/6b34bad7-16b6-4532-a2ea-4ebc99fa9651/compressed_thumbnail_square_large.jpg?1652949987
229,マシュマロで簡単アーモンドチュイール風,/recipes/5c367b72-9b1b-4bc1-a913-94752dc93e99,調理時間：30分,https://video.kurashiru.com/production/videos/5c367b72-9b1b-4bc1-a913-94752dc93e99/compressed_thumbnail_square_large.jpg?1610955995
230,簡単アフォガート風,/recipes/1228e7fd-a175-418c-af3c-c51cade5d04e,調理時間：45分,https://video.kurashiru.com/production/videos/1228e7fd-a175-418c-af3c-c51cade5d04e/compressed_thumbnail_square_large.jpg?1539140141
231,レンジで簡単豆腐黒ごまもち,/recipes/2429922d-85fa-4dc8-a1f2-8defd2fe8146,調理時間：10分,https://video.kurashiru.com/production/videos/2429922d-85fa-4dc8-a1f2-8defd2fe8146/compressed_thumbnail_square_large.jpg?1639367889
232,おやつに麩菓子のサクサクラスク風,/recipes/75a0549d-8e1a-4891-b81d-aee4e964ea59,調理時間：20分,https://video.kurashiru.com/production/videos/75a0549d-8e1a-4891-b81d-aee4e964ea59/compressed_thumbnail_square_large.jpg?1588907734
233,簡単ライムのフローズンヨーグルトアイス,/recipes/503f5575-83c1-4e52-9f1f-9a447a2b6c81,調理時間：130分,https://video.kurashiru.com/production/videos/503f5575-83c1-4e52-9f1f-9a447a2b6c81/compressed_thumbnail_square_large.jpg?1566526408
234,かぼちゃのハニーチップス,/recipes/8f75123c-f118-490e-a924-aba9ede9cadf,調理時間：20分,https://video.kurashiru.com/production/videos/8f75123c-f118-490e-a924-aba9ede9cadf/compressed_thumbnail_square_large.jpg?1639367889
235,電子レンジで簡単カスタードパイ,/recipes/8b756061-c625-4916-859e-9ff3bf009f78,調理時間：40分,https://video.kurashiru.com/production/videos/8b756061-c625-4916-859e-9ff3bf009f78/compressed_thumbnail_square_large.jpg?1649134152
236,みかん缶で簡単ヨーグルトゼリー,/recipes/4a785b65-d4c6-43af-9b92-ecdd98798a15,調理時間：160分,https://video.kurashiru.com/production/videos/4a785b65-d4c6-43af-9b92-ecdd98798a15/compressed_thumbnail_square_large.jpg?1665024422
237,おやつにぴったり！マシュマロいちごトースト,/recipes/c34eb863-c046-4a67-af04-ba7483f2d997,調理時間：15分,https://video.kurashiru.com/production/videos/c34eb863-c046-4a67-af04-ba7483f2d997/compressed_thumbnail_square_large.jpg?1666936619
238,チョコのマシュマロパウンドケーキ,/recipes/240b2ba4-9e43-4b10-8c21-195f5cb1903b,調理時間：30分,https://video.kurashiru.com/production/videos/240b2ba4-9e43-4b10-8c21-195f5cb1903b/compressed_thumbnail_square_large.jpg?1639367889
239,サクサクッとかぼちゃのクッキー,/recipes/f4092b15-48df-4436-a591-c0111c2bb608,調理時間：90分,https://video.kurashiru.com/production/videos/f4092b15-48df-4436-a591-c0111c2bb608/compressed_thumbnail_square_large.jpg?1639367889
240,簡単チョコ白玉,/recipes/8c4e4b31-81d5-4d70-baa9-9d248f44b415,調理時間：20分,https://video.kurashiru.com/production/videos/8c4e4b31-81d5-4d70-baa9-9d248f44b415/compressed_thumbnail_square_large.jpg?1639367889
241,コトコト煮込んで簡単りんごのコンポート,/recipes/fe7034e5-a988-46c9-9c6f-51f37fa75c95,調理時間：60分,https://video.kurashiru.com/production/videos/fe7034e5-a988-46c9-9c6f-51f37fa75c95/compressed_thumbnail_square_large.jpg?1639367889
242,冷凍パイシートで簡単エッグタルト,/recipes/217882d5-99b1-4176-b7f1-af27d895d5f9,調理時間：60分,https://video.kurashiru.com/production/videos/217882d5-99b1-4176-b7f1-af27d895d5f9/compressed_thumbnail_square_large.jpg?1649134152
243,コーンフレークで簡単クリスマスリース,/recipes/fe292df1-a214-44f9-9166-39ad9d32a222,調理時間：60分,https://video.kurashiru.com/production/videos/fe292df1-a214-44f9-9166-39ad9d32a222/compressed_thumbnail_square_large.jpg?1670898901
244,アーモンドミルクで簡単杏仁豆腐風デザート,/recipes/90178b8f-5e82-4ca3-b7b3-b73bbe7e2dad,調理時間：70分,https://video.kurashiru.com/production/videos/90178b8f-5e82-4ca3-b7b3-b73bbe7e2dad/compressed_thumbnail_square_large.jpg?1554980557
245,レンジで簡単焼きりんご風,/recipes/0943af1b-f178-4577-9491-6fa4041a009f,調理時間：10分,https://video.kurashiru.com/production/videos/0943af1b-f178-4577-9491-6fa4041a009f/compressed_thumbnail_square_large.jpg?1639367889
246,トースターで簡単りんごのハッセルバック,/recipes/c133c88e-ddee-4f23-b0e1-994032b6dd44,調理時間：15分,https://video.kurashiru.com/production/videos/c133c88e-ddee-4f23-b0e1-994032b6dd44/compressed_thumbnail_square_large.jpg?1639367889
247,マシュマロで簡単！桃のミルクプリン風,/recipes/20990832-d65e-4dd9-8cc1-5ff412676b09,調理時間：80分,https://video.kurashiru.com/production/videos/20990832-d65e-4dd9-8cc1-5ff412676b09/compressed_thumbnail_square_large.jpg?1588213009
248,あつあつほくほく！簡単大学芋,/recipes/36628d3f-60da-4bb7-a1e6-522f41bc56bd,調理時間：30分,https://video.kurashiru.com/production/videos/36628d3f-60da-4bb7-a1e6-522f41bc56bd/compressed_thumbnail_square_large.jpg?1639367889
249,お花見にレンジで簡単三色団子,/recipes/12a25455-84c7-481e-8688-31da027f3e3f,調理時間：20分,https://video.kurashiru.com/production/videos/12a25455-84c7-481e-8688-31da027f3e3f/compressed_thumbnail_square_large.jpg?1639367889
250,マシュマロで簡単ヨーグルトムース,/recipes/3510c6a1-bf28-4f4f-9b5a-3f193b6c7b3f,調理時間：90分,https://video.kurashiru.com/production/videos/3510c6a1-bf28-4f4f-9b5a-3f193b6c7b3f/compressed_thumbnail_square_large.jpg?1639367889
251,簡単！キウイパイ,/recipes/74a7d62d-5ab5-4296-986a-e9b81d6810fe,調理時間：20分,https://video.kurashiru.com/production/videos/74a7d62d-5ab5-4296-986a-e9b81d6810fe/compressed_thumbnail_square_large.jpg?1512705223
252,マシュマロで！水玉チョコプリン,/recipes/b3359adf-70b8-463a-9e55-7aa1d5e772a8,調理時間：70分,https://video.kurashiru.com/production/videos/b3359adf-70b8-463a-9e55-7aa1d5e772a8/compressed_thumbnail_square_large.jpg?1639367889
253,ホットケーキミックスで簡単ウインナーロール,/recipes/0e0811fe-ba6b-41ed-a3f2-318866cf3744,調理時間：30分,https://video.kurashiru.com/production/videos/0e0811fe-ba6b-41ed-a3f2-318866cf3744/compressed_thumbnail_square_large.jpg?1639367889
254,簡単アーモンドケーキ,/recipes/ac51d4cb-195e-452e-89b7-7ac41d3a5a67,調理時間：40分,https://video.kurashiru.com/production/videos/ac51d4cb-195e-452e-89b7-7ac41d3a5a67/compressed_thumbnail_square_large.jpg?1639367889
255,固めるだけで簡単！クッキーチーズケーキ,/recipes/fedb4fee-04b7-4164-9d20-8037912fbdd0,調理時間：40分,https://video.kurashiru.com/production/videos/fedb4fee-04b7-4164-9d20-8037912fbdd0/compressed_thumbnail_square_large.jpg?1639367889
256,ホワイトチョコで簡単クランチ風！,/recipes/099acc0e-f034-412e-8799-b31628bc2237,調理時間：10分,https://video.kurashiru.com/production/videos/099acc0e-f034-412e-8799-b31628bc2237/compressed_thumbnail_square_large.jpg?1639367889
257,ガトーインビジブルショコラ,/recipes/c348b2ec-fb8c-4fa8-bf93-7c209f2d4397,調理時間：70分,https://video.kurashiru.com/production/videos/c348b2ec-fb8c-4fa8-bf93-7c209f2d4397/compressed_thumbnail_square_large.jpg?1639367889
258,おつまみにも　きな粉ピーナッツ,/recipes/36fe913b-2e02-4cb5-a4c7-30b68fc96f30,調理時間：10分,https://video.kurashiru.com/production/videos/36fe913b-2e02-4cb5-a4c7-30b68fc96f30/compressed_thumbnail_square_large.jpg?1611560355
259,簡単甘栗ペースト,/recipes/afc63c35-e1e0-46db-ab29-1ecc6103885a,調理時間：20分,https://video.kurashiru.com/production/videos/afc63c35-e1e0-46db-ab29-1ecc6103885a/compressed_thumbnail_square_large.jpg?1639367889
260,まるでケーキ！簡単チーズケーキトースト,/recipes/57b7fcc3-aade-4fbe-9a2f-86905c6712d6,調理時間：10分,https://video.kurashiru.com/production/videos/57b7fcc3-aade-4fbe-9a2f-86905c6712d6/compressed_thumbnail_square_large.jpg?1613807709
261,和風でしっとり！簡単白あんのパウンドケーキ,/recipes/6e54fd2e-a74f-40fe-8856-ee5e305a1bd3,調理時間：40分,https://video.kurashiru.com/production/videos/6e54fd2e-a74f-40fe-8856-ee5e305a1bd3/compressed_thumbnail_square_large.jpg?1592364061
262,簡単おつまみベーコンチーズパイ,/recipes/d10ab02d-bf73-44aa-99f2-a3e0f1bd01ab,調理時間：20分,https://video.kurashiru.com/production/videos/d10ab02d-bf73-44aa-99f2-a3e0f1bd01ab/compressed_thumbnail_square_large.jpg?1639367889
263,混ぜるだけで簡単　黒ゴマのフィナンシェ,/recipes/c35c0a83-b420-436b-9199-c89236f2fbff,調理時間：30分,https://video.kurashiru.com/production/videos/c35c0a83-b420-436b-9199-c89236f2fbff/compressed_thumbnail_square_large.jpg?1601797527
264,オトナの冬簡単デザート！フレッシュ柿ソ...,/recipes/f334687b-cd0d-4825-aa96-2448fb1e1a30,調理時間：5分,https://video.kurashiru.com/production/videos/f334687b-cd0d-4825-aa96-2448fb1e1a30/compressed_thumbnail_square_large.jpg?1512705490
265,オーブンで簡単バナナチップス,/recipes/073fdf76-f0fd-4363-82e2-031ab58ee5a9,調理時間：20分,https://video.kurashiru.com/production/videos/073fdf76-f0fd-4363-82e2-031ab58ee5a9/compressed_thumbnail_square_large.jpg?1512662834
266,簡単リンゴゼリー,/recipes/848e49e3-80d9-424f-8ae2-ba41ae59e1f6,調理時間：20分,https://video.kurashiru.com/production/videos/848e49e3-80d9-424f-8ae2-ba41ae59e1f6/compressed_thumbnail_square_large.jpg?1512704353
267,簡単エッグタルト,/recipes/2a25ae3d-56c1-4b18-a71b-70d9633a4884,調理時間：30分,https://video.kurashiru.com/production/videos/2a25ae3d-56c1-4b18-a71b-70d9633a4884/compressed_thumbnail_square_large.jpg?1613550056
268,簡単混ぜるだけ新食感マシュマロクッキー,/recipes/703fe3bc-4a1f-41bc-81fe-79f14ec651e0,調理時間：40分,https://video.kurashiru.com/production/videos/703fe3bc-4a1f-41bc-81fe-79f14ec651e0/compressed_thumbnail_square_large.jpg?1610589496
269,レンジで簡単！チーズチョコ餅,/recipes/31f76601-198f-4df5-8a74-75f2112a49aa,調理時間：15分,https://video.kurashiru.com/production/videos/31f76601-198f-4df5-8a74-75f2112a49aa/compressed_thumbnail_square_large.jpg?1601793190
270,市販のタルトで簡単生チョコタルト,/recipes/dc81cb78-541c-41ed-a1bd-a35ec2e42488,調理時間：60分,https://video.kurashiru.com/production/videos/dc81cb78-541c-41ed-a1bd-a35ec2e42488/compressed_thumbnail_square_large.jpg?1639367889
271,市販のタルト台で簡単エッグタルト,/recipes/3155aa44-8cb9-4104-a9dc-3c9ec46b7cb2,調理時間：30分,https://video.kurashiru.com/production/videos/3155aa44-8cb9-4104-a9dc-3c9ec46b7cb2/compressed_thumbnail_square_large.jpg?1566623913
